name,furniture_type,price,color,shop_name,shop_item_id,shop_url,x_dimension,y_dimension,z_dimension,photo
SÖDERHAMN,Sofa,41990,#fff2cc,IKEA,994.849.99,https://www.ikea.com/jp/en/p/soederhamn-compact-3-seat-section-fridtuna-light-beige-s99484999/,145.0,83.0,90.0,https://www.ikea.com/jp/en/images/products/soederhamn-compact-3-seat-section-fridtuna-light-beige__1156070_pe886882_s5.jpg?f=s
SÖDERHAMN,Sofa,40990,#40e0d0,IKEA,195.202.27,https://www.ikea.com/jp/en/p/soederhamn-compact-3-seat-section-kelinge-grey-turquoise-s19520227/,89.0,24.0,150.0,https://www.ikea.com/jp/en/images/products/soederhamn-compact-3-seat-section-kelinge-grey-turquoise__1328172_pe944717_s5.jpg?f=s
SÖDERHAMN,Sofa,39990,#808080,IKEA,594.850.00,https://www.ikea.com/jp/en/p/soederhamn-compact-3-seat-section-tonerud-grey-s59485000/,145.0,83.0,90.0,https://www.ikea.com/jp/en/images/products/soederhamn-compact-3-seat-section-tonerud-grey__1156069_pe886880_s5.jpg?f=s
SÖDERHAMN,Sofa,39990,#ff0000,IKEA,695.646.62,https://www.ikea.com/jp/en/p/soederhamn-compact-3-seat-section-tonerud-red-s69564662/,145.0,83.0,90.0,https://www.ikea.com/jp/en/images/products/soederhamn-compact-3-seat-section-tonerud-red__1328183_pe944726_s5.jpg?f=s
SÖDERHAMN,Sofa,44990,#008000,IKEA,395.202.26,https://www.ikea.com/jp/en/p/soederhamn-compact-3-seat-section-tallmyra-dark-green-s39520226/,89.0,24.0,150.0,https://www.ikea.com/jp/en/images/products/soederhamn-compact-3-seat-section-tallmyra-dark-green__1328175_pe944719_s5.jpg?f=s
GLOSTAD,sofa,12990,#0000ff,IKEA,004.888.21,https://www.ikea.com/jp/en/p/glostad-2-seat-sofa-knisa-medium-blue-00488821/,121.0,68.0,78.0,https://www.ikea.com/jp/en/images/products/glostad-2-seat-sofa-knisa-medium-blue__0950900_pe800740_s5.jpg?f=s
FRIHETEN,sofabedstorage,74990,#0000ff,IKEA,092.975.58,https://www.ikea.com/jp/en/p/friheten-corner-sofa-bed-with-storage-skiftebo-blue-s09297558/,230.0,86.0,151.0,https://www.ikea.com/jp/en/images/products/friheten-corner-sofa-bed-with-storage-skiftebo-blue__0690243_pe723167_s5.jpg?f=s
FRIHETEN,sofabedstorage,79990,#000000,IKEA,292.168.20,https://www.ikea.com/jp/en/p/friheten-corner-sofa-bed-with-storage-bomstad-black-s29216820/,230.0,86.0,151.0,https://www.ikea.com/jp/en/images/products/friheten-corner-sofa-bed-with-storage-bomstad-black__0248337_pe386785_s5.jpg?f=s
KIVIK,sofa,67990,#fff2cc,IKEA,594.828.22,https://www.ikea.com/jp/en/p/kivik-2-seat-sofa-tresund-light-beige-s59482822/,190.0,83.0,95.0,https://www.ikea.com/jp/en/images/products/kivik-2-seat-sofa-tresund-light-beige__1124105_pe875020_s5.jpg?f=s
KIVIK,sofa,67990,#0000ff,IKEA,994.848.62,https://www.ikea.com/jp/en/p/kivik-2-seat-sofa-gunnared-blue-s99484862/,190.0,83.0,95.0,https://www.ikea.com/jp/en/images/products/kivik-2-seat-sofa-gunnared-blue__0781407_pe760733_s5.jpg?f=s
KIVIK,sofa,60990,#40e0d0,IKEA,194.430.45,https://www.ikea.com/jp/en/p/kivik-2-seat-sofa-kelinge-grey-turquoise-s19443045/,190.0,83.0,95.0,https://www.ikea.com/jp/en/images/products/kivik-2-seat-sofa-kelinge-grey-turquoise__1055797_pe848105_s5.jpg?f=s
KIVIK,sofa,67990,#000000,IKEA,794.828.21,https://www.ikea.com/jp/en/p/kivik-2-seat-sofa-tresund-anthracite-s79482821/,190.0,83.0,95.0,https://www.ikea.com/jp/en/images/products/kivik-2-seat-sofa-tresund-anthracite__1124108_pe875017_s5.jpg?f=s
KIVIK,sofa,67990,#008000,IKEA,594.848.64,https://www.ikea.com/jp/en/p/kivik-2-seat-sofa-gunnared-light-green-s59484864/,190.0,83.0,95.0,https://www.ikea.com/jp/en/images/products/kivik-2-seat-sofa-gunnared-light-green__0781417_pe760742_s5.jpg?f=s
SÖDERHAMN,Sofa,67990,#fff2cc,IKEA,794.496.43,https://www.ikea.com/jp/en/p/soederhamn-3-seat-section-fridtuna-light-beige-s79449643/,186.0,83.0,99.0,https://www.ikea.com/jp/en/images/products/soederhamn-3-seat-section-fridtuna-light-beige__1057705_pe848919_s5.jpg?f=s
SÖDERHAMN,Sofa,62990,#808080,IKEA,194.520.54,https://www.ikea.com/jp/en/p/soederhamn-3-seat-section-tonerud-grey-s19452054/,186.0,83.0,99.0,https://www.ikea.com/jp/en/images/products/soederhamn-3-seat-section-tonerud-grey__1057813_pe848995_s5.jpg?f=s
SÖDERHAMN,Sofa,69990,#008000,IKEA,393.186.96,https://www.ikea.com/jp/en/p/soederhamn-3-seat-section-tallmyra-dark-green-s39318696/,186.0,83.0,99.0,https://www.ikea.com/jp/en/images/products/soederhamn-3-seat-section-tallmyra-dark-green__0780420_pe759946_s5.jpg?f=s
SÖDERHAMN,Sofa,62990,#ff0000,IKEA,895.143.98,https://www.ikea.com/jp/en/p/soederhamn-3-seat-section-tonerud-red-s89514398/,186.0,83.0,99.0,https://www.ikea.com/jp/en/images/products/soederhamn-3-seat-section-tonerud-red__1213838_pe911343_s5.jpg?f=s
PÄRUP,sofa,49990,#0000ff,IKEA,895.279.75,https://www.ikea.com/jp/en/p/paerup-2-seat-sofa-fridtuna-dark-grey-blue-s89527975/,165.0,86.0,80.0,https://www.ikea.com/jp/en/images/products/paerup-2-seat-sofa-fridtuna-dark-grey-blue__1213899_pe911372_s5.jpg?f=s
PÄRUP,sofa,42990,#783f04,IKEA,195.142.07,https://www.ikea.com/jp/en/p/paerup-2-seat-sofa-vissle-yellow-brown-s19514207/,165.0,86.0,80.0,https://www.ikea.com/jp/en/images/products/paerup-2-seat-sofa-vissle-yellow-brown__1213903_pe911382_s5.jpg?f=s
PÄRUP,sofa,49990,#783f04,IKEA,695.279.81,https://www.ikea.com/jp/en/p/paerup-2-seat-sofa-fridtuna-grey-brown-s69527981/,165.0,86.0,80.0,https://www.ikea.com/jp/en/images/products/paerup-2-seat-sofa-fridtuna-grey-brown__1213907_pe911380_s5.jpg?f=s
PÄRUP,sofa,47990,#808080,IKEA,393.891.70,https://www.ikea.com/jp/en/p/paerup-2-seat-sofa-gunnared-dark-grey-s39389170/,165.0,86.0,80.0,https://www.ikea.com/jp/en/images/products/paerup-2-seat-sofa-gunnared-dark-grey__1041901_pe841181_s5.jpg?f=s
PÄRUP,sofa,42990,#808080,IKEA,893.891.77,https://www.ikea.com/jp/en/p/paerup-2-seat-sofa-vissle-grey-s89389177/,165.0,86.0,80.0,https://www.ikea.com/jp/en/images/products/paerup-2-seat-sofa-vissle-grey__1041903_pe841183_s5.jpg?f=s
PÄRUP,sofa,11990,#783f04,IKEA,605.715.20,https://www.ikea.com/jp/en/p/paerup-cover-for-compact-2-seat-sofa-vissle-yellow-brown-60571520/,37.0,7.0,57.0,https://www.ikea.com/jp/en/images/products/paerup-cover-for-compact-2-seat-sofa-vissle-yellow-brown__1213857_pe911351_s5.jpg?f=s
PÄRUP,sofa,11990,#808080,IKEA,305.446.65,https://www.ikea.com/jp/en/p/paerup-cover-for-compact-2-seat-sofa-vissle-grey-30544665/,37.0,7.0,57.0,https://www.ikea.com/jp/en/images/products/paerup-cover-for-compact-2-seat-sofa-vissle-grey__1171166_pe892993_s5.jpg?f=s
PÄRUP,sofa,16990,#808080,IKEA,805.446.63,https://www.ikea.com/jp/en/p/paerup-cover-for-compact-2-seat-sofa-gunnared-dark-grey-80544663/,37.0,8.0,57.0,https://www.ikea.com/jp/en/images/products/paerup-cover-for-compact-2-seat-sofa-gunnared-dark-grey__1171168_pe892995_s5.jpg?f=s
VIMLE,sofa,119990,#fff2cc,IKEA,793.991.10,https://www.ikea.com/jp/en/p/vimle-3-seat-sofa-with-chaise-longue-gunnared-beige-s79399110/,252.0,83.0,164.0,https://www.ikea.com/jp/en/images/products/vimle-3-seat-sofa-with-chaise-longue-gunnared-beige__0514360_pe639436_s5.jpg?f=s
VIMLE,sofa,112990,#fff2cc,IKEA,993.991.28,https://www.ikea.com/jp/en/p/vimle-3-seat-sofa-with-chaise-longue-hallarp-beige-s99399128/,252.0,83.0,164.0,https://www.ikea.com/jp/en/images/products/vimle-3-seat-sofa-with-chaise-longue-hallarp-beige__0949511_pe799782_s5.jpg?f=s
VIMLE,sofa,108990,#0000ff,IKEA,493.991.40,https://www.ikea.com/jp/en/p/vimle-3-seat-sofa-with-chaise-longue-saxemara-light-blue-s49399140/,252.0,83.0,164.0,https://www.ikea.com/jp/en/images/products/vimle-3-seat-sofa-with-chaise-longue-saxemara-light-blue__1028787_pe835522_s5.jpg?f=s
VIMLE,sofa,108990,#0000ff,IKEA,893.991.43,https://www.ikea.com/jp/en/p/vimle-3-seat-sofa-with-chaise-longue-saxemara-black-blue-s89399143/,252.0,83.0,164.0,https://www.ikea.com/jp/en/images/products/vimle-3-seat-sofa-with-chaise-longue-saxemara-black-blue__1028785_pe835520_s5.jpg?f=s
VIMLE,sofa,112990,#808080,IKEA,393.991.31,https://www.ikea.com/jp/en/p/vimle-3-seat-sofa-with-chaise-longue-hallarp-grey-s39399131/,252.0,83.0,164.0,https://www.ikea.com/jp/en/images/products/vimle-3-seat-sofa-with-chaise-longue-hallarp-grey__0949515_pe799784_s5.jpg?f=s
SÖDERHAMN,Sofa,38000,#fff2cc,IKEA,794.496.38,https://www.ikea.com/jp/en/p/soederhamn-1-seat-section-fridtuna-light-beige-s79449638/,93.0,83.0,99.0,https://www.ikea.com/jp/en/images/products/soederhamn-1-seat-section-fridtuna-light-beige__1057689_pe848892_s5.jpg?f=s
SÖDERHAMN,Sofa,37000,#40e0d0,IKEA,095.144.77,https://www.ikea.com/jp/en/p/soederhamn-1-seat-section-kelinge-grey-turquoise-s09514477/,93.0,83.0,99.0,https://www.ikea.com/jp/en/images/products/soederhamn-1-seat-section-kelinge-grey-turquoise__1213738_pe911244_s5.jpg?f=s
SÖDERHAMN,Sofa,40000,#008000,IKEA,693.186.85,https://www.ikea.com/jp/en/p/soederhamn-1-seat-section-tallmyra-dark-green-s69318685/,93.0,83.0,99.0,https://www.ikea.com/jp/en/images/products/soederhamn-1-seat-section-tallmyra-dark-green__0780171_pe767765_s5.jpg?f=s
SÖDERHAMN,Sofa,36000,#ff0000,IKEA,195.143.92,https://www.ikea.com/jp/en/p/soederhamn-1-seat-section-tonerud-red-s19514392/,93.0,83.0,99.0,https://www.ikea.com/jp/en/images/products/soederhamn-1-seat-section-tonerud-red__1213805_pe911311_s5.jpg?f=s
POÄNG,armchair,14990,#fff2cc,IKEA,291.977.51,https://www.ikea.com/jp/en/p/poaeng-armchair-birch-veneer-hillared-beige-s29197751/,68.0,100.0,83.0,https://www.ikea.com/jp/en/images/products/poaeng-armchair-birch-veneer-hillared-beige__0497125_pe628952_s5.jpg?f=s
POÄNG,armchair,14990,#0000ff,IKEA,291.978.07,https://www.ikea.com/jp/en/p/poaeng-armchair-birch-veneer-hillared-dark-blue-s29197807/,68.0,100.0,83.0,https://www.ikea.com/jp/en/images/products/poaeng-armchair-birch-veneer-hillared-dark-blue__0497130_pe628957_s5.jpg?f=s
POÄNG,armchair,13990,#808080,IKEA,393.884.58,https://www.ikea.com/jp/en/p/poaeng-armchair-birch-veneer-skiftebo-dark-grey-s39388458/,68.0,100.0,83.0,https://www.ikea.com/jp/en/images/products/poaeng-armchair-birch-veneer-skiftebo-dark-grey__0937014_pe793536_s5.jpg?f=s
POÄNG,armchair,16990,#808080,IKEA,695.020.56,https://www.ikea.com/jp/en/p/poaeng-armchair-birch-veneer-gunnared-dark-grey-s69502056/,68.0,100.0,83.0,https://www.ikea.com/jp/en/images/products/poaeng-armchair-birch-veneer-gunnared-dark-grey__1192239_pe900965_s5.jpg?f=s
POÄNG,armchair,16990,#008000,IKEA,095.019.03,https://www.ikea.com/jp/en/p/poaeng-armchair-birch-veneer-gunnared-light-green-s09501903/,68.0,100.0,83.0,https://www.ikea.com/jp/en/images/products/poaeng-armchair-birch-veneer-gunnared-light-green__1192124_pe900869_s5.jpg?f=s
POÄNG,armchair,13990,#ffff00,IKEA,293.870.77,https://www.ikea.com/jp/en/p/poaeng-armchair-birch-veneer-skiftebo-yellow-s29387077/,68.0,100.0,83.0,https://www.ikea.com/jp/en/images/products/poaeng-armchair-birch-veneer-skiftebo-yellow__0936990_pe793502_s5.jpg?f=s
STRANDMON,chair,34990,#fff2cc,IKEA,004.569.57,https://www.ikea.com/jp/en/p/strandmon-wing-chair-vibberbo-black-beige-00456957/,82.0,101.0,96.0,https://www.ikea.com/jp/en/images/products/strandmon-wing-chair-vibberbo-black-beige__0761768_pe751434_s5.jpg?f=s
STRANDMON,chair,34990,#fff2cc,IKEA,304.928.12,https://www.ikea.com/jp/en/p/strandmon-wing-chair-kelinge-beige-30492812/,82.0,101.0,96.0,https://www.ikea.com/jp/en/images/products/strandmon-wing-chair-kelinge-beige__0950941_pe800821_s5.jpg?f=s
STRANDMON,chair,34990,#008000,IKEA,503.598.45,https://www.ikea.com/jp/en/p/strandmon-wing-chair-djuparp-dark-green-50359845/,82.0,101.0,96.0,https://www.ikea.com/jp/en/images/products/strandmon-wing-chair-djuparp-dark-green__0531313_pe647261_s5.jpg?f=s
STRANDMON,chair,29990,#ffff00,IKEA,603.618.95,https://www.ikea.com/jp/en/p/strandmon-wing-chair-skiftebo-yellow-60361895/,82.0,101.0,96.0,https://www.ikea.com/jp/en/images/products/strandmon-wing-chair-skiftebo-yellow__0325450_pe517970_s5.jpg?f=s
NOLMYRA,chair,4999,#000000,IKEA,302.336.06,https://www.ikea.com/jp/en/p/nolmyra-easy-chair-black-black-30233606/,64.0,75.0,75.0,https://www.ikea.com/jp/en/images/products/nolmyra-easy-chair-black-black__0169629_pe323574_s5.jpg?f=s
POÄNG,armchair,9990,#fff2cc,IKEA,092.407.98,https://www.ikea.com/jp/en/p/poaeng-armchair-brown-knisa-light-beige-s09240798/,68.0,100.0,83.0,https://www.ikea.com/jp/en/images/products/poaeng-armchair-brown-knisa-light-beige__0571543_pe666957_s5.jpg?f=s
POÄNG,armchair,14990,#0000ff,IKEA,191.978.17,https://www.ikea.com/jp/en/p/poaeng-armchair-brown-hillared-dark-blue-s19197817/,68.0,100.0,83.0,https://www.ikea.com/jp/en/images/products/poaeng-armchair-brown-hillared-dark-blue__0497160_pe628987_s5.jpg?f=s
POÄNG,armchair,14990,#000000,IKEA,891.977.86,https://www.ikea.com/jp/en/p/poaeng-armchair-brown-hillared-anthracite-s89197786/,68.0,100.0,83.0,https://www.ikea.com/jp/en/images/products/poaeng-armchair-brown-hillared-anthracite__0497150_pe628977_s5.jpg?f=s
POÄNG,armchair,13990,#808080,IKEA,293.884.68,https://www.ikea.com/jp/en/p/poaeng-armchair-brown-skiftebo-dark-grey-s29388468/,68.0,100.0,83.0,https://www.ikea.com/jp/en/images/products/poaeng-armchair-brown-skiftebo-dark-grey__0937022_pe793528_s5.jpg?f=s
POÄNG,armchair,16990,#008000,IKEA,995.019.13,https://www.ikea.com/jp/en/p/poaeng-armchair-brown-gunnared-light-green-s99501913/,68.0,100.0,83.0,https://www.ikea.com/jp/en/images/products/poaeng-armchair-brown-gunnared-light-green__1192116_pe900864_s5.jpg?f=s
POÄNG,armchair,13990,#ffff00,IKEA,593.871.08,https://www.ikea.com/jp/en/p/poaeng-armchair-brown-skiftebo-yellow-s59387108/,68.0,100.0,83.0,https://www.ikea.com/jp/en/images/products/poaeng-armchair-brown-skiftebo-yellow__0936998_pe793510_s5.jpg?f=s
POÄNG,armchair,9990,#fff2cc,IKEA,192.407.88,https://www.ikea.com/jp/en/p/poaeng-armchair-birch-veneer-knisa-light-beige-s19240788/,68.0,100.0,83.0,https://www.ikea.com/jp/en/images/products/poaeng-armchair-birch-veneer-knisa-light-beige__0571500_pe666933_s5.jpg?f=s
POÄNG,armchair,9990,#fff2cc,IKEA,192.407.93,https://www.ikea.com/jp/en/p/poaeng-armchair-black-brown-knisa-light-beige-s19240793/,68.0,100.0,82.0,https://www.ikea.com/jp/en/images/products/poaeng-armchair-black-brown-knisa-light-beige__0571514_pe666945_s5.jpg?f=s
POÄNG,armchair,14990,#0000ff,IKEA,291.978.12,https://www.ikea.com/jp/en/p/poaeng-armchair-black-brown-hillared-dark-blue-s29197812/,68.0,100.0,82.0,https://www.ikea.com/jp/en/images/products/poaeng-armchair-black-brown-hillared-dark-blue__0497145_pe628972_s5.jpg?f=s
POÄNG,armchair,14990,#000000,IKEA,991.977.81,https://www.ikea.com/jp/en/p/poaeng-armchair-black-brown-hillared-anthracite-s99197781/,68.0,100.0,82.0,https://www.ikea.com/jp/en/images/products/poaeng-armchair-black-brown-hillared-anthracite__0497135_pe628962_s5.jpg?f=s
POÄNG,armchair,13990,#808080,IKEA,393.884.63,https://www.ikea.com/jp/en/p/poaeng-armchair-black-brown-skiftebo-dark-grey-s39388463/,68.0,100.0,82.0,https://www.ikea.com/jp/en/images/products/poaeng-armchair-black-brown-skiftebo-dark-grey__0937018_pe793540_s5.jpg?f=s
POÄNG,armchair,16990,#008000,IKEA,995.019.08,https://www.ikea.com/jp/en/p/poaeng-armchair-black-brown-gunnared-light-green-s99501908/,68.0,100.0,82.0,https://www.ikea.com/jp/en/images/products/poaeng-armchair-black-brown-gunnared-light-green__1192112_pe900861_s5.jpg?f=s
POÄNG,armchair,13990,#ffff00,IKEA,193.870.92,https://www.ikea.com/jp/en/p/poaeng-armchair-black-brown-skiftebo-yellow-s19387092/,68.0,100.0,82.0,https://www.ikea.com/jp/en/images/products/poaeng-armchair-black-brown-skiftebo-yellow__0936994_pe793506_s5.jpg?f=s
VEDBO,armchair,27990,#0000ff,IKEA,304.235.74,https://www.ikea.com/jp/en/p/vedbo-armchair-gunnared-blue-30423574/,73.0,75.0,65.0,https://www.ikea.com/jp/en/images/products/vedbo-armchair-gunnared-blue__0634896_pe696809_s5.jpg?f=s
VEDBO,armchair,27990,#ffc0cb,IKEA,204.235.79,https://www.ikea.com/jp/en/p/vedbo-armchair-gunnared-light-brown-pink-20423579/,73.0,75.0,65.0,https://www.ikea.com/jp/en/images/products/vedbo-armchair-gunnared-light-brown-pink__0634903_pe696815_s5.jpg?f=s
VEDBO,armchair,27990,#008000,IKEA,004.942.47,https://www.ikea.com/jp/en/p/vedbo-armchair-gunnared-light-green-00494247/,73.0,75.0,65.0,https://www.ikea.com/jp/en/images/products/vedbo-armchair-gunnared-light-green__0949818_pe800035_s5.jpg?f=s
HAVBERG,armchair,32990,#000000,IKEA,605.260.33,https://www.ikea.com/jp/en/p/havberg-swivel-armchair-lejde-grey-black-60526033/,66.0,92.0,99.0,https://www.ikea.com/jp/en/images/products/havberg-swivel-armchair-lejde-grey-black__1048595_pe843795_s5.jpg?f=s
LERBERG,shelf,2999,#808080,IKEA,601.864.01,https://www.ikea.com/jp/en/p/lerberg-shelf-unit-dark-grey-60186401/,60.0,148.0,35.0,https://www.ikea.com/jp/en/images/products/lerberg-shelf-unit-dark-grey__69211_pe183961_s5.jpg?f=s
KALLAX,shelving,9990,#783f04,IKEA,703.629.17,https://www.ikea.com/jp/en/p/kallax-shelving-unit-white-stained-oak-effect-70362917/,76.0,146.0,39.0,https://www.ikea.com/jp/en/images/products/kallax-shelving-unit-white-stained-oak-effect__0459250_pe606049_s5.jpg?f=s
KALLAX,shelving,9990,#783f04,IKEA,703.518.91,https://www.ikea.com/jp/en/p/kallax-shelving-unit-black-brown-70351891/,76.0,146.0,39.0,https://www.ikea.com/jp/en/images/products/kallax-shelving-unit-black-brown__0644754_pe702938_s5.jpg?f=s
KALLAX,shelving,9990,#808080,IKEA,103.469.25,https://www.ikea.com/jp/en/p/kallax-shelving-unit-grey-wood-effect-10346925/,76.0,146.0,39.0,https://www.ikea.com/jp/en/images/products/kallax-shelving-unit-grey-wood-effect__0494558_pe627165_s5.jpg?f=s
KALLAX,shelving,11990,#ffffff,IKEA,304.717.20,https://www.ikea.com/jp/en/p/kallax-shelving-unit-high-gloss-white-30471720/,76.0,146.0,39.0,https://www.ikea.com/jp/en/images/products/kallax-shelving-unit-high-gloss-white__0627096_pe693189_s5.jpg?f=s
LACK,shelf,12990,#783f04,IKEA,904.305.95,https://www.ikea.com/jp/en/p/lack-wall-shelf-unit-white-stained-oak-effect-90430595/,30.0,190.0,28.0,https://www.ikea.com/jp/en/images/products/lack-wall-shelf-unit-white-stained-oak-effect__0670332_pe715459_s5.jpg?f=s
LACK,shelf,12990,#783f04,IKEA,404.305.93,https://www.ikea.com/jp/en/p/lack-wall-shelf-unit-black-brown-40430593/,30.0,190.0,28.0,https://www.ikea.com/jp/en/images/products/lack-wall-shelf-unit-black-brown__0670335_pe715461_s5.jpg?f=s
KALLAX,shelving,19990,#783f04,IKEA,091.975.73,https://www.ikea.com/jp/en/p/kallax-shelving-unit-with-4-inserts-white-stained-oak-effect-s09197573/,147.0,77.0,39.0,https://www.ikea.com/jp/en/images/products/kallax-shelving-unit-with-4-inserts-white-stained-oak-effect__0480295_pe618865_s5.jpg?f=s
KALLAX,shelving,20990,#783f04,IKEA,992.783.05,https://www.ikea.com/jp/en/p/kallax-shelving-unit-with-4-inserts-black-brown-s99278305/,77.0,147.0,39.0,https://www.ikea.com/jp/en/images/products/kallax-shelving-unit-with-4-inserts-black-brown__0754623_pe747987_s5.jpg?f=s
KALLAX,shelving,22990,#ffffff,IKEA,693.840.67,https://www.ikea.com/jp/en/p/kallax-shelving-unit-with-4-inserts-high-gloss-white-s69384067/,77.0,147.0,39.0,https://www.ikea.com/jp/en/images/products/kallax-shelving-unit-with-4-inserts-high-gloss-white__0754626_pe747989_s5.jpg?f=s
KALLAX,shelving,5999,#783f04,IKEA,903.629.21,https://www.ikea.com/jp/en/p/kallax-shelving-unit-white-stained-oak-effect-90362921/,76.0,76.0,39.0,https://www.ikea.com/jp/en/images/products/kallax-shelving-unit-white-stained-oak-effect__0459252_pe606050_s5.jpg?f=s
KALLAX,shelving,5999,#783f04,IKEA,503.518.92,https://www.ikea.com/jp/en/p/kallax-shelving-unit-black-brown-50351892/,76.0,76.0,39.0,https://www.ikea.com/jp/en/images/products/kallax-shelving-unit-black-brown__0644756_pe702940_s5.jpg?f=s
KALLAX,shelving,7999,#ffffff,IKEA,604.717.28,https://www.ikea.com/jp/en/p/kallax-shelving-unit-high-gloss-white-60471728/,76.0,76.0,39.0,https://www.ikea.com/jp/en/images/products/kallax-shelving-unit-high-gloss-white__0644755_pe702941_s5.jpg?f=s
BILLY,bookcase,10990,#783f04,IKEA,604.927.83,https://www.ikea.com/jp/en/p/billy-bookcase-oak-effect-60492783/,80.0,202.0,28.0,https://www.ikea.com/jp/en/images/products/billy-bookcase-oak-effect__1097086_pe864714_s5.jpg?f=s
BILLY,bookcase,10990,#0000ff,IKEA,005.045.24,https://www.ikea.com/jp/en/p/billy-bookcase-black-blue-00504524/,80.0,202.0,28.0,https://www.ikea.com/jp/en/images/products/billy-bookcase-black-blue__1242708_pe920347_s5.jpg?f=s
BILLY,bookcase,10990,#783f04,IKEA,305.086.53,https://www.ikea.com/jp/en/p/billy-bookcase-brown-walnut-effect-30508653/,80.0,202.0,28.0,https://www.ikea.com/jp/en/images/products/billy-bookcase-brown-walnut-effect__1097082_pe864710_s5.jpg?f=s
BILLY,bookcase,10990,#783f04,IKEA,204.773.41,https://www.ikea.com/jp/en/p/billy-bookcase-black-oak-effect-20477341/,80.0,202.0,28.0,https://www.ikea.com/jp/en/images/products/billy-bookcase-black-oak-effect__1097080_pe864708_s5.jpg?f=s
KALLAX,shelving,12990,#ffffff,IKEA,494.716.83,https://www.ikea.com/jp/en/p/kallax-shelving-unit-with-underframe-white-stained-oak-effect-white-s49471683/,147.0,94.0,39.0,https://www.ikea.com/jp/en/images/products/kallax-shelving-unit-with-underframe-white-stained-oak-effect-white__1041421_pe841006_s5.jpg?f=s
KALLAX,shelving,12990,#000000,IKEA,794.716.86,https://www.ikea.com/jp/en/p/kallax-shelving-unit-with-underframe-white-stained-oak-effect-black-s79471686/,147.0,94.0,39.0,https://www.ikea.com/jp/en/images/products/kallax-shelving-unit-with-underframe-white-stained-oak-effect-black__1041424_pe841009_s5.jpg?f=s
KALLAX,shelving,12990,#ffffff,IKEA,194.716.70,https://www.ikea.com/jp/en/p/kallax-shelving-unit-with-underframe-black-brown-white-s19471670/,147.0,94.0,39.0,https://www.ikea.com/jp/en/images/products/kallax-shelving-unit-with-underframe-black-brown-white__1041432_pe841017_s5.jpg?f=s
KALLAX,shelving,12990,#000000,IKEA,794.716.67,https://www.ikea.com/jp/en/p/kallax-shelving-unit-with-underframe-black-brown-black-s79471667/,147.0,94.0,39.0,https://www.ikea.com/jp/en/images/products/kallax-shelving-unit-with-underframe-black-brown-black__1041419_pe841018_s5.jpg?f=s
KALLAX,shelving,14990,#ffffff,IKEA,294.716.79,https://www.ikea.com/jp/en/p/kallax-shelving-unit-with-underframe-high-gloss-white-white-s29471679/,147.0,94.0,39.0,https://www.ikea.com/jp/en/images/products/kallax-shelving-unit-with-underframe-high-gloss-white-white__1041428_pe841013_s5.jpg?f=s
KALLAX,shelving,11999,#000000,IKEA,594.716.73,https://www.ikea.com/jp/en/p/kallax-shelving-unit-with-underframe-white-black-s59471673/,147.0,94.0,39.0,https://www.ikea.com/jp/en/images/products/kallax-shelving-unit-with-underframe-white-black__1041426_pe841011_s5.jpg?f=s
BESTÅ,tvbench,23990,#fff2cc,IKEA,494.328.23,https://www.ikea.com/jp/en/p/besta-tv-bench-with-doors-black-brown-lappviken-light-grey-beige-s49432823/,180.0,38.0,42.0,https://www.ikea.com/jp/en/images/products/besta-tv-bench-with-doors-black-brown-lappviken-light-grey-beige__0993137_pe820438_s5.jpg?f=s
BESTÅ,tvbench,28490,#0000ff,IKEA,394.328.47,https://www.ikea.com/jp/en/p/besta-tv-bench-with-doors-white-selsviken-light-grey-blue-s39432847/,180.0,38.0,42.0,https://www.ikea.com/jp/en/images/products/besta-tv-bench-with-doors-white-selsviken-light-grey-blue__0993156_pe820424_s5.jpg?f=s
BESTÅ,tvbench,28490,#008000,IKEA,094.328.58,https://www.ikea.com/jp/en/p/besta-tv-bench-with-doors-black-brown-selsviken-dark-olive-green-s09432858/,180.0,38.0,42.0,https://www.ikea.com/jp/en/images/products/besta-tv-bench-with-doors-black-brown-selsviken-dark-olive-green__0993141_pe820441_s5.jpg?f=s
BESTÅ,tvbench,32990,#808080,IKEA,094.328.39,https://www.ikea.com/jp/en/p/besta-tv-bench-with-doors-white-kallviken-light-grey-s09432839/,180.0,38.0,42.0,https://www.ikea.com/jp/en/images/products/besta-tv-bench-with-doors-white-kallviken-light-grey__0993150_pe820444_s5.jpg?f=s
BESTÅ,tvbench,32990,#000000,IKEA,694.328.60,https://www.ikea.com/jp/en/p/besta-tv-bench-with-doors-white-bergsviken-black-s69432860/,180.0,38.0,42.0,https://www.ikea.com/jp/en/images/products/besta-tv-bench-with-doors-white-bergsviken-black__0993144_pe820442_s5.jpg?f=s
BESTÅ,tvbench,28490,#ffffff,IKEA,092.992.51,https://www.ikea.com/jp/en/p/besta-tv-bench-with-doors-white-selsviken-high-gloss-white-s09299251/,180.0,38.0,42.0,https://www.ikea.com/jp/en/images/products/besta-tv-bench-with-doors-white-selsviken-high-gloss-white__0719187_pe731907_s5.jpg?f=s
BESTÅ,tvbench,11990,#783f04,IKEA,102.998.82,https://www.ikea.com/jp/en/p/besta-tv-bench-white-stained-oak-effect-10299882/,180.0,64.0,40.0,https://www.ikea.com/jp/en/images/products/besta-tv-bench-white-stained-oak-effect__0316253_pe516833_s5.jpg?f=s
BESTÅ,tvbench,8990,#783f04,IKEA,602.948.58,https://www.ikea.com/jp/en/p/besta-tv-bench-white-stained-oak-effect-60294858/,180.0,38.0,40.0,https://www.ikea.com/jp/en/images/products/besta-tv-bench-white-stained-oak-effect__0316235_pe516838_s5.jpg?f=s
BESTÅ,tvbench,7990,#783f04,IKEA,002.945.16,https://www.ikea.com/jp/en/p/besta-tv-bench-black-brown-00294516/,120.0,38.0,40.0,https://www.ikea.com/jp/en/images/products/besta-tv-bench-black-brown__0316202_pe516844_s5.jpg?f=s
BESTÅ,tvbench,8990,#783f04,IKEA,202.945.20,https://www.ikea.com/jp/en/p/besta-tv-bench-black-brown-20294520/,180.0,38.0,40.0,https://www.ikea.com/jp/en/images/products/besta-tv-bench-black-brown__0316226_pe516834_s5.jpg?f=s
BESTÅ,tvbench,8990,#808080,IKEA,105.386.13,https://www.ikea.com/jp/en/p/besta-tv-bench-dark-grey-10538613/,180.0,38.0,40.0,https://www.ikea.com/jp/en/images/products/besta-tv-bench-dark-grey__1219603_pe913480_s5.jpg?f=s
BESTÅ,tvbench,7990,#ffffff,IKEA,102.945.25,https://www.ikea.com/jp/en/p/besta-tv-bench-white-10294525/,120.0,38.0,40.0,https://www.ikea.com/jp/en/images/products/besta-tv-bench-white__0384984_pe557581_s5.jpg?f=s
BESTÅ,tvbench,20490,#fff2cc,IKEA,194.320.99,https://www.ikea.com/jp/en/p/besta-tv-bench-with-doors-white-lappviken-stubbarp-light-grey-beige-s19432099/,120.0,48.0,42.0,https://www.ikea.com/jp/en/images/products/besta-tv-bench-with-doors-white-lappviken-stubbarp-light-grey-beige__0985434_pe816803_s5.jpg?f=s
BESTÅ,tvbench,23490,#0000ff,IKEA,194.321.22,https://www.ikea.com/jp/en/p/besta-tv-bench-with-doors-white-selsviken-stubbarp-light-grey-blue-s19432122/,120.0,48.0,42.0,https://www.ikea.com/jp/en/images/products/besta-tv-bench-with-doors-white-selsviken-stubbarp-light-grey-blue__0985426_pe816807_s5.jpg?f=s
BESTÅ,tvbench,20490,#783f04,IKEA,194.320.61,https://www.ikea.com/jp/en/p/besta-tv-bench-with-doors-black-brown-lappviken-stubbarp-black-brown-s19432061/,120.0,48.0,42.0,https://www.ikea.com/jp/en/images/products/besta-tv-bench-with-doors-black-brown-lappviken-stubbarp-black-brown__0985414_pe816790_s5.jpg?f=s
BESTÅ,tvbench,27490,#808080,IKEA,094.321.32,https://www.ikea.com/jp/en/p/besta-tv-bench-with-doors-white-kallviken-oesarp-light-grey-s09432132/,120.0,48.0,42.0,https://www.ikea.com/jp/en/images/products/besta-tv-bench-with-doors-white-kallviken-oesarp-light-grey__0985903_pe816893_s5.jpg?f=s
BESTÅ,tvbench,26490,#000000,IKEA,194.321.41,https://www.ikea.com/jp/en/p/besta-tv-bench-with-doors-white-bergsviken-stubbarp-black-s19432141/,120.0,48.0,42.0,https://www.ikea.com/jp/en/images/products/besta-tv-bench-with-doors-white-bergsviken-stubbarp-black__0985430_pe816799_s5.jpg?f=s
BESTÅ,tvbench,21490,#ffffff,IKEA,194.320.80,https://www.ikea.com/jp/en/p/besta-tv-bench-with-doors-white-hanviken-stubbarp-white-s19432080/,120.0,48.0,42.0,https://www.ikea.com/jp/en/images/products/besta-tv-bench-with-doors-white-hanviken-stubbarp-white__0985431_pe816800_s5.jpg?f=s
LACK,tvbench,7999,#783f04,IKEA,804.989.39,https://www.ikea.com/jp/en/p/lack-tv-bench-black-brown-80498939/,36.0,36.0,35.0,https://www.ikea.com/jp/en/images/products/lack-tv-bench-black-brown__0984221_pe816167_s5.jpg?f=s
BESTÅ,tvbench,31490,#783f04,IKEA,091.851.17,https://www.ikea.com/jp/en/p/besta-tv-bench-lappviken-sindvik-white-stained-oak-eff-clear-glass-s09185117/,180.0,48.0,42.0,https://www.ikea.com/jp/en/images/products/besta-tv-bench-lappviken-sindvik-white-stained-oak-eff-clear-glass__0642948_pe701566_s5.jpg?f=s
BESTÅ,tvbench,32490,#fff2cc,IKEA,294.374.02,https://www.ikea.com/jp/en/p/besta-tv-bench-white-sindvik-lappviken-mejarp-light-grey-beige-s29437402/,180.0,48.0,42.0,https://www.ikea.com/jp/en/images/products/besta-tv-bench-white-sindvik-lappviken-mejarp-light-grey-beige__0988805_pe818223_s5.jpg?f=s
BESTÅ,tvbench,36490,#000000,IKEA,193.989.48,https://www.ikea.com/jp/en/p/besta-tv-bench-black-brown-selsviken-nannarp-high-gloss-black-clear-glass-s19398948/,180.0,48.0,42.0,https://www.ikea.com/jp/en/images/products/besta-tv-bench-black-brown-selsviken-nannarp-high-gloss-black-clear-glass__0642986_pe701603_s5.jpg?f=s
BESTÅ,tvbench,36490,#000000,IKEA,391.851.06,https://www.ikea.com/jp/en/p/besta-tv-bench-black-brown-selsviken-high-gloss-black-smoked-glass-s39185106/,180.0,48.0,42.0,https://www.ikea.com/jp/en/images/products/besta-tv-bench-black-brown-selsviken-high-gloss-black-smoked-glass__0642995_pe701610_s5.jpg?f=s
BESTÅ,tvbench,31490,#808080,IKEA,195.355.25,https://www.ikea.com/jp/en/p/besta-tv-bench-dark-grey-sindvik-lappviken-stubbarp-dark-grey-s19535525/,180.0,48.0,42.0,https://www.ikea.com/jp/en/images/products/besta-tv-bench-dark-grey-sindvik-lappviken-stubbarp-dark-grey__1209435_pe909213_s5.jpg?f=s
BESTÅ,tvbench,31490,#ffffff,IKEA,291.851.16,https://www.ikea.com/jp/en/p/besta-tv-bench-lappviken-sindvik-white-clear-glass-s29185116/,180.0,48.0,42.0,https://www.ikea.com/jp/en/images/products/besta-tv-bench-lappviken-sindvik-white-clear-glass__0642943_pe701564_s5.jpg?f=s
BESTÅ,tvbench,30990,#ffffff,IKEA,094.363.33,https://www.ikea.com/jp/en/p/besta-tv-bench-with-drawers-and-door-white-studsviken-white-s09436333/,180.0,39.0,42.0,https://www.ikea.com/jp/en/images/products/besta-tv-bench-with-drawers-and-door-white-studsviken-white__0988823_pe818246_s5.jpg?f=s
BESTÅ,tvbench,28990,#fff2cc,IKEA,194.324.76,https://www.ikea.com/jp/en/p/besta-tv-bench-with-drawers-and-door-white-lappviken-light-grey-beige-s19432476/,180.0,39.0,42.0,https://www.ikea.com/jp/en/images/products/besta-tv-bench-with-drawers-and-door-white-lappviken-light-grey-beige__0988833_pe818240_s5.jpg?f=s
BESTÅ,tvbench,32490,#008000,IKEA,094.363.47,https://www.ikea.com/jp/en/p/besta-tv-bench-with-drawers-and-door-black-brown-selsviken-dark-olive-green-s09436347/,180.0,39.0,42.0,https://www.ikea.com/jp/en/images/products/besta-tv-bench-with-drawers-and-door-black-brown-selsviken-dark-olive-green__0988830_pe818238_s5.jpg?f=s
BESTÅ,tvbench,35990,#808080,IKEA,094.324.72,https://www.ikea.com/jp/en/p/besta-tv-bench-with-drawers-and-door-white-kallviken-dark-grey-s09432472/,180.0,39.0,42.0,https://www.ikea.com/jp/en/images/products/besta-tv-bench-with-drawers-and-door-white-kallviken-dark-grey__0988820_pe818232_s5.jpg?f=s
BESTÅ,tvbench,35990,#000000,IKEA,594.324.98,https://www.ikea.com/jp/en/p/besta-tv-bench-with-drawers-and-door-white-bergsviken-black-s59432498/,180.0,39.0,42.0,https://www.ikea.com/jp/en/images/products/besta-tv-bench-with-drawers-and-door-white-bergsviken-black__0988819_pe818244_s5.jpg?f=s
BESTÅ,tvbench,32490,#ffffff,IKEA,091.850.23,https://www.ikea.com/jp/en/p/besta-tv-bench-white-selsviken-high-gloss-white-s09185023/,180.0,39.0,42.0,https://www.ikea.com/jp/en/images/products/besta-tv-bench-white-selsviken-high-gloss-white__0642957_pe701555_s5.jpg?f=s
LACK,coffeetable,3999,#783f04,IKEA,904.315.33,https://www.ikea.com/jp/en/p/lack-coffee-table-white-stained-oak-effect-90431533/,55.0,45.0,90.0,https://www.ikea.com/jp/en/images/products/lack-coffee-table-white-stained-oak-effect__0711928_pe728568_s5.jpg?f=s
LACK,coffeetable,3999,#783f04,IKEA,203.529.87,https://www.ikea.com/jp/en/p/lack-coffee-table-black-brown-20352987/,55.0,45.0,90.0,https://www.ikea.com/jp/en/images/products/lack-coffee-table-black-brown__57540_pe163122_s5.jpg?f=s
LACK,coffeetable,6999,#783f04,IKEA,803.529.51,https://www.ikea.com/jp/en/p/lack-coffee-table-black-brown-80352951/,78.0,45.0,118.0,https://www.ikea.com/jp/en/images/products/lack-coffee-table-black-brown__57537_pe163119_s5.jpg?f=s
LACK,coffeetable,6999,#ffffff,IKEA,404.498.99,https://www.ikea.com/jp/en/p/lack-coffee-table-white-40449899/,78.0,45.0,118.0,https://www.ikea.com/jp/en/images/products/lack-coffee-table-white__0702215_pe724348_s5.jpg?f=s
LÖVBACKEN,sidetable,9990,#0000ff,IKEA,305.604.29,https://www.ikea.com/jp/en/p/loevbacken-side-table-blue-30560429/,39.0,51.0,77.0,https://www.ikea.com/jp/en/images/products/loevbacken-side-table-blue__1181369_pe896671_s5.jpg?f=s
LÖVBACKEN,sidetable,9990,#008000,IKEA,905.604.26,https://www.ikea.com/jp/en/p/loevbacken-side-table-light-green-90560426/,39.0,51.0,77.0,https://www.ikea.com/jp/en/images/products/loevbacken-side-table-light-green__1181370_pe896672_s5.jpg?f=s
MOXBODA,coffeetable,5999,#783f04,IKEA,305.430.86,https://www.ikea.com/jp/en/p/moxboda-coffee-table-foldable-brown-30543086/,45.0,30.0,65.0,https://www.ikea.com/jp/en/images/products/moxboda-coffee-table-foldable-brown__1163632_pe890291_s5.jpg?f=s
BAGGBODA,sidetable,9990,#ffffff,IKEA,605.708.27,https://www.ikea.com/jp/en/p/baggboda-side-table-white-60570827/,50.0,47.0,71.0,https://www.ikea.com/jp/en/images/products/baggboda-side-table-white__1265558_pe927740_s5.jpg?f=s
LACK,sidetable,1799,#783f04,IKEA,704.315.34,https://www.ikea.com/jp/en/p/lack-side-table-white-stained-oak-effect-70431534/,55.0,45.0,55.0,https://www.ikea.com/jp/en/images/products/lack-side-table-white-stained-oak-effect__0711927_pe728569_s5.jpg?f=s
LACK,sidetable,1799,#783f04,IKEA,803.529.27,https://www.ikea.com/jp/en/p/lack-side-table-black-brown-80352927/,55.0,45.0,55.0,https://www.ikea.com/jp/en/images/products/lack-side-table-black-brown__57544_pe163126_s5.jpg?f=s
GLADOM,table,2999,#000000,IKEA,004.119.97,https://www.ikea.com/jp/en/p/gladom-tray-table-black-00411997/,51.0,53.0,55.0,https://www.ikea.com/jp/en/images/products/gladom-tray-table-black__0567223_pe664991_s5.jpg?f=s
GLADOM,table,2999,#ffffff,IKEA,503.378.20,https://www.ikea.com/jp/en/p/gladom-tray-table-white-50337820/,51.0,53.0,55.0,https://www.ikea.com/jp/en/images/products/gladom-tray-table-white__0470732_pe612912_s5.jpg?f=s
MOXBODA,coffeetable,7999,#783f04,IKEA,105.430.87,https://www.ikea.com/jp/en/p/moxboda-coffee-table-foldable-brown-10543087/,71.0,30.0,71.0,https://www.ikea.com/jp/en/images/products/moxboda-coffee-table-foldable-brown__1163627_pe890286_s5.jpg?f=s
TIPHEDE,rug,3999,#000000,IKEA,604.700.45,https://www.ikea.com/jp/en/p/tiphede-rug-flatwoven-black-natural-60470045/,155.0,8.0,220.0,https://www.ikea.com/jp/en/images/products/tiphede-rug-flatwoven-black-natural__0772070_pe755883_s5.jpg?f=s
LINDKNUD,rug,2999,#fff2cc,IKEA,404.262.80,https://www.ikea.com/jp/en/p/lindknud-rug-high-pile-beige-40426280/,60.0,2.0,90.0,https://www.ikea.com/jp/en/images/products/lindknud-rug-high-pile-beige__1111690_pe870878_s5.jpg?f=s
LINDKNUD,rug,2999,#ffc0cb,IKEA,204.262.81,https://www.ikea.com/jp/en/p/lindknud-rug-high-pile-pink-20426281/,60.0,2.0,90.0,https://www.ikea.com/jp/en/images/products/lindknud-rug-high-pile-pink__0674004_pe717499_s5.jpg?f=s
STARREKLINTE,rug,2999,#000000,IKEA,005.691.34,https://www.ikea.com/jp/en/p/starreklinte-rug-flatwoven-natural-black-00569134/,120.0,8.0,180.0,https://www.ikea.com/jp/en/images/products/starreklinte-rug-flatwoven-natural-black__1205718_pe907217_s5.jpg?f=s
STARREKLINTE,rug,9990,#008000,IKEA,405.079.12,https://www.ikea.com/jp/en/p/starreklinte-rug-flatwoven-natural-light-green-40507912/,50.0,10.0,50.0,https://www.ikea.com/jp/en/images/products/starreklinte-rug-flatwoven-natural-light-green__1074496_pe856211_s5.jpg?f=s
STARREKLINTE,rug,5999,#008000,IKEA,505.079.02,https://www.ikea.com/jp/en/p/starreklinte-rug-flatwoven-natural-light-green-50507902/,41.0,8.0,46.0,https://www.ikea.com/jp/en/images/products/starreklinte-rug-flatwoven-natural-light-green__1074496_pe856211_s5.jpg?f=s
STARREKLINTE,rug,4999,#000000,IKEA,505.691.36,https://www.ikea.com/jp/en/p/starreklinte-rug-flatwoven-natural-black-50569136/,155.0,8.0,220.0,https://www.ikea.com/jp/en/images/products/starreklinte-rug-flatwoven-natural-black__1205718_pe907217_s5.jpg?f=s
TOFTLUND,rug,1999,#fff2cc,IKEA,705.645.19,https://www.ikea.com/jp/en/p/toftlund-rug-beige-70564519/,55.0,2.0,85.0,https://www.ikea.com/jp/en/images/products/toftlund-rug-beige__1207869_pe908203_s5.jpg?f=s
TOFTLUND,rug,1999,#0000ff,IKEA,905.645.23,https://www.ikea.com/jp/en/p/toftlund-rug-blue-90564523/,55.0,2.0,85.0,https://www.ikea.com/jp/en/images/products/toftlund-rug-blue__1199093_pe904346_s5.jpg?f=s
TOFTLUND,rug,1999,#808080,IKEA,204.810.17,https://www.ikea.com/jp/en/p/toftlund-rug-grey-20481017/,55.0,1.0,85.0,https://www.ikea.com/jp/en/images/products/toftlund-rug-grey__0834498_pe778811_s5.jpg?f=s
BENGTA,curtain,1999,#0000ff,IKEA,304.544.57,https://www.ikea.com/jp/en/p/bengta-block-out-curtain-1-length-blue-30454457/,210.0,6.0,250.0,https://www.ikea.com/jp/en/images/products/bengta-block-out-curtain-1-length-blue__0805437_pe769558_s5.jpg?f=s
BENGTA,curtain,1999,#008000,IKEA,505.129.94,https://www.ikea.com/jp/en/p/bengta-block-out-curtain-1-length-light-green-50512994/,210.0,6.0,250.0,https://www.ikea.com/jp/en/images/products/bengta-block-out-curtain-1-length-light-green__0977121_pe813409_s5.jpg?f=s
SCHOTTIS,Curtain,999,#808080,IKEA,703.695.08,https://www.ikea.com/jp/en/p/schottis-block-out-pleated-blind-dark-grey-70369508/,100.0,2.0,190.0,https://www.ikea.com/jp/en/images/products/schottis-block-out-pleated-blind-dark-grey__0602864_pe680566_s5.jpg?f=s
HILJA,curtains,1999,#808080,IKEA,105.094.32,https://www.ikea.com/jp/en/p/hilja-curtains-1-pair-grey-10509432/,145.0,3.0,178.0,https://www.ikea.com/jp/en/images/products/hilja-curtains-1-pair-grey__0535824_pe649658_s5.jpg?f=s
HILJA,curtains,2499,#808080,IKEA,203.907.34,https://www.ikea.com/jp/en/p/hilja-curtains-1-pair-grey-20390734/,145.0,4.0,250.0,https://www.ikea.com/jp/en/images/products/hilja-curtains-1-pair-grey__0535824_pe649658_s5.jpg?f=s
HILJA,curtains,2299,#40e0d0,IKEA,205.094.36,https://www.ikea.com/jp/en/p/hilja-curtains-1-pair-turquoise-20509436/,145.0,4.0,200.0,https://www.ikea.com/jp/en/images/products/hilja-curtains-1-pair-turquoise__0751601_pe747091_s5.jpg?f=s
HILJA,curtains,1999,#40e0d0,IKEA,405.094.35,https://www.ikea.com/jp/en/p/hilja-curtains-1-pair-turquoise-40509435/,145.0,3.0,178.0,https://www.ikea.com/jp/en/images/products/hilja-curtains-1-pair-turquoise__0751601_pe747091_s5.jpg?f=s
HILJA,curtains,1799,#ffffff,IKEA,105.094.27,https://www.ikea.com/jp/en/p/hilja-curtains-1-pair-white-10509427/,145.0,3.0,135.0,https://www.ikea.com/jp/en/images/products/hilja-curtains-1-pair-white__0627420_pe693352_s5.jpg?f=s
HILJA,curtains,2499,#ffffff,IKEA,704.308.17,https://www.ikea.com/jp/en/p/hilja-curtains-1-pair-white-70430817/,145.0,4.0,250.0,https://www.ikea.com/jp/en/images/products/hilja-curtains-1-pair-white__0627420_pe693352_s5.jpg?f=s
HANNALILL,curtains,2999,#0000ff,IKEA,404.984.51,https://www.ikea.com/jp/en/p/hannalill-curtains-1-pair-dark-blue-40498451/,145.0,7.0,250.0,https://www.ikea.com/jp/en/images/products/hannalill-curtains-1-pair-dark-blue__0949981_pe801233_s5.jpg?f=s
HANNALILL,curtains,2999,#808080,IKEA,904.173.20,https://www.ikea.com/jp/en/p/hannalill-curtains-1-pair-grey-90417320/,145.0,5.0,250.0,https://www.ikea.com/jp/en/images/products/hannalill-curtains-1-pair-grey__0588049_pe672909_s5.jpg?f=s
VILBORG,curtains,5499,#fff2cc,IKEA,004.553.59,https://www.ikea.com/jp/en/p/vilborg-room-darkening-curtains-1-pair-beige-00455359/,145.0,6.0,178.0,https://www.ikea.com/jp/en/images/products/vilborg-room-darkening-curtains-1-pair-beige__0747664_pe744663_s5.jpg?f=s
VILBORG,curtains,4999,#fff2cc,IKEA,005.521.57,https://www.ikea.com/jp/en/p/vilborg-room-darkening-curtains-1-pair-dark-grey-beige-00552157/,145.0,6.0,135.0,https://www.ikea.com/jp/en/images/products/vilborg-room-darkening-curtains-1-pair-dark-grey-beige__1055639_pe848026_s5.jpg?f=s
VILBORG,curtains,4999,#40e0d0,IKEA,404.553.57,https://www.ikea.com/jp/en/p/vilborg-room-darkening-curtains-1-pair-turquoise-40455357/,145.0,4.0,135.0,https://www.ikea.com/jp/en/images/products/vilborg-room-darkening-curtains-1-pair-turquoise__0549563_pe657783_s5.jpg?f=s
VILBORG,curtains,6499,#808080,IKEA,204.234.14,https://www.ikea.com/jp/en/p/vilborg-room-darkening-curtains-1-pair-grey-20423414/,145.0,8.0,250.0,https://www.ikea.com/jp/en/images/products/vilborg-room-darkening-curtains-1-pair-grey__0594844_pe675879_s5.jpg?f=s
VILBORG,curtains,6499,#ffff00,IKEA,203.751.30,https://www.ikea.com/jp/en/p/vilborg-room-darkening-curtains-1-pair-yellow-20375130/,145.0,4.0,250.0,https://www.ikea.com/jp/en/images/products/vilborg-room-darkening-curtains-1-pair-yellow__0448505_pe598168_s5.jpg?f=s
VILBORG,curtains,6499,#40e0d0,IKEA,403.859.15,https://www.ikea.com/jp/en/p/vilborg-room-darkening-curtains-1-pair-turquoise-40385915/,145.0,4.0,250.0,https://www.ikea.com/jp/en/images/products/vilborg-room-darkening-curtains-1-pair-turquoise__0549563_pe657783_s5.jpg?f=s
HOPPVALS,Curtain,3499,#ffffff,IKEA,203.767.66,https://www.ikea.com/jp/en/p/hoppvals-cellular-blind-white-20376766/,60.0,4.0,210.0,https://www.ikea.com/jp/en/images/products/hoppvals-cellular-blind-white__0602283_pe680560_s5.jpg?f=s
HOPPVALS,Curtain,3499,#ffffff,IKEA,302.906.25,https://www.ikea.com/jp/en/p/hoppvals-cellular-blind-white-30290625/,80.0,4.0,155.0,https://www.ikea.com/jp/en/images/products/hoppvals-cellular-blind-white__0602283_pe680560_s5.jpg?f=s
HOPPVALS,Curtain,5499,#ffffff,IKEA,303.767.61,https://www.ikea.com/jp/en/p/hoppvals-cellular-blind-white-30376761/,140.0,4.0,210.0,https://www.ikea.com/jp/en/images/products/hoppvals-cellular-blind-white__0602283_pe680560_s5.jpg?f=s
HOPPVALS,Curtain,4999,#ffffff,IKEA,503.767.60,https://www.ikea.com/jp/en/p/hoppvals-cellular-blind-white-50376760/,120.0,4.0,210.0,https://www.ikea.com/jp/en/images/products/hoppvals-cellular-blind-white__0602283_pe680560_s5.jpg?f=s
HOPPVALS,Curtain,3999,#ffffff,IKEA,602.906.24,https://www.ikea.com/jp/en/p/hoppvals-cellular-blind-white-60290624/,100.0,4.0,155.0,https://www.ikea.com/jp/en/images/products/hoppvals-cellular-blind-white__0602283_pe680560_s5.jpg?f=s
HOPPVALS,Curtain,2999,#ffffff,IKEA,602.906.38,https://www.ikea.com/jp/en/p/hoppvals-cellular-blind-white-60290638/,60.0,4.0,155.0,https://www.ikea.com/jp/en/images/products/hoppvals-cellular-blind-white__0602283_pe680560_s5.jpg?f=s
ASKKLOCKA,curtains,1499,#ffffff,IKEA,204.553.44,https://www.ikea.com/jp/en/p/askklocka-sheer-curtains-1-pair-white-20455344/,145.0,2.0,133.0,https://www.ikea.com/jp/en/images/products/askklocka-sheer-curtains-1-pair-white__0464147_pe609244_s5.jpg?f=s
ASKKLOCKA,curtains,1699,#ffffff,IKEA,904.553.45,https://www.ikea.com/jp/en/p/askklocka-sheer-curtains-1-pair-white-90455345/,145.0,2.0,176.0,https://www.ikea.com/jp/en/images/products/askklocka-sheer-curtains-1-pair-white__0464147_pe609244_s5.jpg?f=s
GLANSHAGTORN,curtain,4999,#0000ff,IKEA,405.558.61,https://www.ikea.com/jp/en/p/glanshagtorn-curtain-1-piece-orange-white-blue-40555861/,300.0,7.0,250.0,https://www.ikea.com/jp/en/images/products/glanshagtorn-curtain-1-piece-orange-white-blue__1171718_pe893172_s5.jpg?f=s
BYMOTT,curtains,1499,#fff2cc,IKEA,205.099.69,https://www.ikea.com/jp/en/p/bymott-curtains-1-pair-white-beige-striped-20509969/,120.0,5.0,250.0,https://www.ikea.com/jp/en/images/products/bymott-curtains-1-pair-white-beige-striped__0972980_pe811833_s5.jpg?f=s
FRIDANS,Curtain,3499,#0000ff,IKEA,003.968.93,https://www.ikea.com/jp/en/p/fridans-block-out-roller-blind-blue-00396893/,140.0,5.0,195.0,https://www.ikea.com/jp/en/images/products/fridans-block-out-roller-blind-blue__0588033_pe672899_s5.jpg?f=s
FRIDANS,Curtain,1999,#0000ff,IKEA,003.969.06,https://www.ikea.com/jp/en/p/fridans-block-out-roller-blind-blue-00396906/,60.0,5.0,195.0,https://www.ikea.com/jp/en/images/products/fridans-block-out-roller-blind-blue__0588033_pe672899_s5.jpg?f=s
FRIDANS,Curtain,2499,#808080,IKEA,403.969.14,https://www.ikea.com/jp/en/p/fridans-block-out-roller-blind-grey-40396914/,100.0,5.0,195.0,https://www.ikea.com/jp/en/images/products/fridans-block-out-roller-blind-grey__0588037_pe672901_s5.jpg?f=s
FRIDANS,Curtain,2999,#808080,IKEA,503.969.18,https://www.ikea.com/jp/en/p/fridans-block-out-roller-blind-grey-50396918/,120.0,5.0,195.0,https://www.ikea.com/jp/en/images/products/fridans-block-out-roller-blind-grey__0588037_pe672901_s5.jpg?f=s
FRIDANS,Curtain,3999,#ffffff,IKEA,103.968.78,https://www.ikea.com/jp/en/p/fridans-block-out-roller-blind-white-10396878/,120.0,5.0,195.0,https://www.ikea.com/jp/en/images/products/fridans-block-out-roller-blind-white__0588039_pe672903_s5.jpg?f=s
FRIDANS,Curtain,2999,#808080,IKEA,403.969.33,https://www.ikea.com/jp/en/p/fridans-block-out-roller-blind-grey-40396933/,60.0,5.0,195.0,https://www.ikea.com/jp/en/images/products/fridans-block-out-roller-blind-grey__0588037_pe672901_s5.jpg?f=s
SVARTPOPPEL,cushion,899,#ffc0cb,IKEA,605.429.95,https://www.ikea.com/jp/en/p/svartpoppel-cushion-cover-light-pink-60542995/,50.0,5.0,50.0,https://www.ikea.com/jp/en/images/products/svartpoppel-cushion-cover-light-pink__1117937_pe872836_s5.jpg?f=s
SVARTPOPPEL,cushion,899,#0000ff,IKEA,505.430.14,https://www.ikea.com/jp/en/p/svartpoppel-cushion-cover-pale-blue-50543014/,50.0,5.0,50.0,https://www.ikea.com/jp/en/images/products/svartpoppel-cushion-cover-pale-blue__1117917_pe872823_s5.jpg?f=s
SVARTPOPPEL,cushion,899,#008000,IKEA,705.430.08,https://www.ikea.com/jp/en/p/svartpoppel-cushion-cover-grey-green-70543008/,50.0,5.0,50.0,https://www.ikea.com/jp/en/images/products/svartpoppel-cushion-cover-grey-green__1117934_pe872833_s5.jpg?f=s
SVARTPOPPEL,cushion,899,#008000,IKEA,805.430.17,https://www.ikea.com/jp/en/p/svartpoppel-cushion-cover-pale-grey-green-80543017/,50.0,5.0,50.0,https://www.ikea.com/jp/en/images/products/svartpoppel-cushion-cover-pale-grey-green__1117923_pe872829_s5.jpg?f=s
SVARTPOPPEL,cushion,899,#ffff00,IKEA,105.430.11,https://www.ikea.com/jp/en/p/svartpoppel-cushion-cover-yellow-10543011/,50.0,5.0,50.0,https://www.ikea.com/jp/en/images/products/svartpoppel-cushion-cover-yellow__1117914_pe872820_s5.jpg?f=s
SANELA,cushion,999,#0000ff,IKEA,403.436.47,https://www.ikea.com/jp/en/p/sanela-cushion-cover-dark-blue-40343647/,50.0,2.0,50.0,https://www.ikea.com/jp/en/images/products/sanela-cushion-cover-dark-blue__0600213_pe678602_s5.jpg?f=s
SANELA,cushion,999,#783f04,IKEA,104.901.97,https://www.ikea.com/jp/en/p/sanela-cushion-cover-grey-brown-10490197/,50.0,2.0,50.0,https://www.ikea.com/jp/en/images/products/sanela-cushion-cover-grey-brown__0914845_pe784343_s5.jpg?f=s
SANELA,cushion,999,#783f04,IKEA,803.701.58,https://www.ikea.com/jp/en/p/sanela-cushion-cover-golden-brown-80370158/,50.0,2.0,50.0,https://www.ikea.com/jp/en/images/products/sanela-cushion-cover-golden-brown__0504866_pe633588_s5.jpg?f=s
SANELA,cushion,999,#008000,IKEA,505.074.07,https://www.ikea.com/jp/en/p/sanela-cushion-cover-grey-green-50507407/,50.0,2.0,50.0,https://www.ikea.com/jp/en/images/products/sanela-cushion-cover-grey-green__0387502_pe558962_s5.jpg?f=s
SANELA,cushion,999,#ffc0cb,IKEA,304.902.00,https://www.ikea.com/jp/en/p/sanela-cushion-cover-pink-30490200/,50.0,2.0,50.0,https://www.ikea.com/jp/en/images/products/sanela-cushion-cover-pink__0914848_pe784346_s5.jpg?f=s
SANELA,cushion,999,#ff0000,IKEA,604.473.09,https://www.ikea.com/jp/en/p/sanela-cushion-cover-red-60447309/,50.0,2.0,50.0,https://www.ikea.com/jp/en/images/products/sanela-cushion-cover-red__0724165_pe734343_s5.jpg?f=s
GURLI,cushion,399,#808080,IKEA,204.746.96,https://www.ikea.com/jp/en/p/gurli-cushion-cover-dark-grey-20474696/,50.0,2.0,50.0,https://www.ikea.com/jp/en/images/products/gurli-cushion-cover-dark-grey__0815545_pe772951_s5.jpg?f=s
GURLI,cushion,399,#008000,IKEA,404.261.95,https://www.ikea.com/jp/en/p/gurli-cushion-cover-dark-green-40426195/,50.0,2.0,50.0,https://www.ikea.com/jp/en/images/products/gurli-cushion-cover-dark-green__0635469_pe697202_s5.jpg?f=s
GURLI,cushion,399,#ffc0cb,IKEA,205.628.86,https://www.ikea.com/jp/en/p/gurli-cushion-cover-pink-20562886/,50.0,1.0,50.0,https://www.ikea.com/jp/en/images/products/gurli-cushion-cover-pink__1157557_pe887752_s5.jpg?f=s
GURLI,cushion,399,#ff0000,IKEA,502.811.49,https://www.ikea.com/jp/en/p/gurli-cushion-cover-red-50281149/,50.0,2.0,50.0,https://www.ikea.com/jp/en/images/products/gurli-cushion-cover-red__0214008_pe369627_s5.jpg?f=s
GURLI,cushion,399,#000000,IKEA,602.811.39,https://www.ikea.com/jp/en/p/gurli-cushion-cover-black-60281139/,50.0,2.0,50.0,https://www.ikea.com/jp/en/images/products/gurli-cushion-cover-black__0600217_pe678606_s5.jpg?f=s
GURLI,cushion,399,#ffffff,IKEA,102.811.51,https://www.ikea.com/jp/en/p/gurli-cushion-cover-white-10281151/,50.0,2.0,50.0,https://www.ikea.com/jp/en/images/products/gurli-cushion-cover-white__0214010_pe369632_s5.jpg?f=s
SVARTPOPPEL,cushion,1299,#008000,IKEA,105.762.71,https://www.ikea.com/jp/en/p/svartpoppel-cushion-grey-green-10576271/,65.0,16.0,30.0,https://www.ikea.com/jp/en/images/products/svartpoppel-cushion-grey-green__1235544_pe917319_s5.jpg?f=s
SVARTPOPPEL,cushion,1299,#ffff00,IKEA,905.762.72,https://www.ikea.com/jp/en/p/svartpoppel-cushion-yellow-90576272/,65.0,16.0,30.0,https://www.ikea.com/jp/en/images/products/svartpoppel-cushion-yellow__1235548_pe917321_s5.jpg?f=s
INNER,cushion,600,#ffffff,IKEA,605.507.11,https://www.ikea.com/jp/en/p/inner-cushion-pad-white-firm-60550711/,58.0,12.0,40.0,https://www.ikea.com/jp/en/images/products/inner-cushion-pad-white-firm__1138120_pe879840_s5.jpg?f=s
VALLKRASSING,cushion,999,#008000,IKEA,905.709.58,https://www.ikea.com/jp/en/p/vallkrassing-cushion-cover-grey-green-90570958/,50.0,2.0,50.0,https://www.ikea.com/jp/en/images/products/vallkrassing-cushion-cover-grey-green__1204906_pe906875_s5.jpg?f=s
VALLKRASSING,cushion,999,#ffffff,IKEA,505.709.60,https://www.ikea.com/jp/en/p/vallkrassing-cushion-cover-off-white-50570960/,50.0,4.0,50.0,https://www.ikea.com/jp/en/images/products/vallkrassing-cushion-cover-off-white__1204907_pe906874_s5.jpg?f=s
DYTÅG,cushion,1999,#0000ff,IKEA,905.541.47,https://www.ikea.com/jp/en/p/dytag-cushion-cover-dark-blue-90554147/,50.0,2.0,50.0,https://www.ikea.com/jp/en/images/products/dytag-cushion-cover-dark-blue__1157553_pe887748_s5.jpg?f=s
DYTÅG,cushion,1999,#783f04,IKEA,905.176.83,https://www.ikea.com/jp/en/p/dytag-cushion-cover-red-brown-90517683/,50.0,2.0,50.0,https://www.ikea.com/jp/en/images/products/dytag-cushion-cover-red-brown__1033708_pe837428_s5.jpg?f=s
DYTÅG,cushion,1999,#fff2cc,IKEA,105.284.83,https://www.ikea.com/jp/en/p/dytag-cushion-cover-dark-beige-10528483/,50.0,2.0,50.0,https://www.ikea.com/jp/en/images/products/dytag-cushion-cover-dark-beige__1052104_pe845935_s5.jpg?f=s
DYTÅG,cushion,1999,#000000,IKEA,605.170.38,https://www.ikea.com/jp/en/p/dytag-cushion-cover-black-60517038/,50.0,2.0,50.0,https://www.ikea.com/jp/en/images/products/dytag-cushion-cover-black__1033707_pe837429_s5.jpg?f=s
GULLBERGSÖ,cushion,499,#ffffff,IKEA,305.207.49,https://www.ikea.com/jp/en/p/gullbergsoe-cushion-cover-in-outdoor-green-white-30520749/,50.0,2.0,50.0,https://www.ikea.com/jp/en/images/products/gullbergsoe-cushion-cover-in-outdoor-green-white__1104022_pe867474_s5.jpg?f=s
GULLBERGSÖ,cushion,799,#ffffff,IKEA,005.472.03,https://www.ikea.com/jp/en/p/gullbergsoe-cushion-cover-yellow-white-striped-outdoor-indoor-00547203/,50.0,2.0,50.0,https://www.ikea.com/jp/en/images/products/gullbergsoe-cushion-cover-yellow-white-striped-outdoor-indoor__1180712_pe896423_s5.jpg?f=s
ÅSVEIG,cushion,1399,#fff2cc,IKEA,805.724.20,https://www.ikea.com/jp/en/p/asveig-cushion-cover-light-beige-80572420/,58.0,3.0,40.0,https://www.ikea.com/jp/en/images/products/asveig-cushion-cover-light-beige__1207685_pe908134_s5.jpg?f=s
ÅSVEIG,cushion,1399,#783f04,IKEA,405.724.22,https://www.ikea.com/jp/en/p/asveig-cushion-cover-grey-brown-40572422/,58.0,3.0,40.0,https://www.ikea.com/jp/en/images/products/asveig-cushion-cover-grey-brown__1207679_pe908140_s5.jpg?f=s
ÅSVEIG,cushion,1399,#008000,IKEA,005.724.24,https://www.ikea.com/jp/en/p/asveig-cushion-cover-dark-green-00572424/,58.0,3.0,40.0,https://www.ikea.com/jp/en/images/products/asveig-cushion-cover-dark-green__1207676_pe908131_s5.jpg?f=s
